{
  "baseline": {
    "n_games": 30,
    "wins": 28,
    "win_rate": 0.9333333333333333,
    "avg_turns": 14.266666666666667,
    "avg_cost_per_game": 0.041633833333333335,
    "total_cost": 1.249015
  },
  "world_HARD": {
    "n_games": 30,
    "wins": 29,
    "win_rate": 0.9666666666666667,
    "avg_turns": 14.466666666666667,
    "avg_cost_per_game": 0.022897249999999997,
    "total_cost": 0.6869175
  },
  "goal_HARD": {
    "n_games": 30,
    "wins": 29,
    "win_rate": 0.9666666666666667,
    "avg_turns": 13.5,
    "avg_cost_per_game": 0.026386833333333335,
    "total_cost": 0.791605
  },
  "mechanics_HARD": {
    "n_games": 30,
    "wins": 30,
    "win_rate": 1.0,
    "avg_turns": 11.8,
    "avg_cost_per_game": 0.023828083333333337,
    "total_cost": 0.7148425
  },
  "feedback_HARD": {
    "n_games": 30,
    "wins": 30,
    "win_rate": 1.0,
    "avg_turns": 15.066666666666666,
    "avg_cost_per_game": 0.02880325,
    "total_cost": 0.8640975
  }
}