{
  "baseline": {
    "n_games": 30,
    "wins": 30,
    "win_rate": 1.0,
    "avg_turns": 11.966666666666667,
    "avg_cost_per_game": 0.042349500000000005,
    "total_cost": 1.270485
  },
  "world_HARD": {
    "n_games": 30,
    "wins": 28,
    "win_rate": 0.9333333333333333,
    "avg_turns": 17.233333333333334,
    "avg_cost_per_game": 0.029338333333333334,
    "total_cost": 0.88015
  },
  "goal_HARD": {
    "n_games": 30,
    "wins": 30,
    "win_rate": 1.0,
    "avg_turns": 12.5,
    "avg_cost_per_game": 0.020917833333333333,
    "total_cost": 0.627535
  },
  "mechanics_HARD": {
    "n_games": 30,
    "wins": 30,
    "win_rate": 1.0,
    "avg_turns": 11.333333333333334,
    "avg_cost_per_game": 0.016950333333333335,
    "total_cost": 0.50851
  },
  "feedback_HARD": {
    "n_games": 30,
    "wins": 28,
    "win_rate": 0.9333333333333333,
    "avg_turns": 12.733333333333333,
    "avg_cost_per_game": 0.021500916666666665,
    "total_cost": 0.6450275
  }
}